PDBID,label
1a42,9.89
1a4m,13.0
1a4q,5.44
1a85,4.52
1a86,4.0
1ag9,9.0
1ao0,4.96
1avn,3.9
1ax0,3.13
1ax2,3.99
1azm,6.1
1b38,6.6
1b39,6.92
1b57,8.0
1b8y,7.85
1bcd,8.7
1biw,6.98
1bji,8.7
1bn1,9.34
1bn3,9.89
1bn4,9.31
1bnn,10.0
1bnq,9.49
1bnu,9.7
1bnv,8.77
1bnw,9.08
1bqo,7.74
1bsk,4.12
1bxr,3.4
1bzy,8.34
1c1r,7.63
1c1u,8.25
1c1v,7.64
1c3r,6.4
1cbx,6.35
1cgl,6.87
1cil,9.43
1cin,8.73
1cp6,5.0
1cps,6.66
1cs4,5.57
1ctt,4.52
1d2s,9.74
1d3v,6.96
1d5j,9.15
1d6n,4.5
1d7x,8.52
1d8f,7.74
1db4,7.24
1db5,6.82
1dmt,8.7
1dqn,8.0
1dth,8.22
1ebg,10.82
1ec9,3.1
1ecq,3.0
1els,10.82
1eoc,6.05
1eou,7.44
1eub,8.72
1ew9,3.22
1f2p,1.9
1ff1,4.92
1fls,7.48
1fo2,4.7
1fpp,8.0
1fpy,6.0
1fsg,5.02
1g05,8.51
1g1d,9.44
1g27,8.15
1g2a,8.0
1g45,8.64
1g46,8.8
1g4k,5.7
1g52,9.54
1g53,9.04
1g9a,5.3
1g9b,5.3
1gag,6.12
1gwv,2.57
1gx4,4.28
1gz3,3.7
1gz4,3.7
1gz9,3.51
1h1d,8.22
1h2k,2.92
1h4n,4.92
1hdq,5.82
1hee,5.34
1hfs,8.7
1hp0,6.7
1hq5,5.65
1hqh,6.3
1hv5,8.3
1hww,7.7
1hxk,3.4
1hy7,5.39
1i8j,4.41
1i8z,8.9
1i90,8.89
1i9o,8.42
1i9p,8.41
1icj,2.22
1if7,10.52
1ih0,5.0
1ind,10.05
1iy7,6.19
1j1a,7.54
1j36,7.74
1jd0,8.24
1jh1,4.39
1jiz,8.7
1jj9,5.77
1jjt,8.05
1jk7,8.52
1jn2,4.09
1jt1,3.4
1juy,7.66
1kc7,5.52
1kf0,2.55
1kug,3.8
1kui,3.77
1kwq,9.21
1kwr,6.6
1lan,7.22
1ld7,8.96
1lgt,6.1
1lrh,6.82
1m1b,4.66
1m2x,4.15
1mdl,3.09
1mf4,7.99
1mmp,6.07
1mnc,10.34
1mns,4.17
1mrn,4.52
1mrs,3.96
1n1m,5.7
1n95,8.92
1ndv,5.92
1ndy,6.17
1ndz,8.11
1nki,6.7
1nl4,9.41
1o1s,7.31
1o5r,8.12
1o7o,4.49
1oe0,5.16
1olu,4.41
1olx,4.33
1oq5,7.68
1ork,8.81
1os0,6.03
1oyn,6.26
1ppw,4.3
1pus,7.28
1pwp,6.3
1pwu,5.68
1px4,3.23
1q1y,7.7
1q54,5.85
1q91,4.15
1q9m,6.48
1qbq,8.3
1qf0,7.38
1qf4,6.18
1qf5,7.37
1qi0,2.35
1qin,8.0
1qji,4.85
1qs4,5.64
1qwu,3.22
1qx1,2.12
1qxw,5.15
1qxz,4.72
1r17,6.42
1r1h,8.92
1r1i,8.54
1r58,6.96
1r5g,7.52
1rdl,2.24
1rdn,1.84
1rm8,9.0
1rmz,8.0
1ros,8.77
1rp7,8.52
1rql,2.75
1ru2,6.49
1ryf,8.8
1sln,6.64
1sm3,4.62
1so2,9.57
1t3t,4.96
1t4s,2.44
1t5a,4.62
1t5f,4.22
1t69,6.32
1tfz,8.15
1tg5,7.92
1tka,6.1
1tlp,7.55
1tmm,6.64
1tmn,7.3
1tpz,6.19
1tq4,6.19
1txr,7.74
1u2r,5.41
1udt,9.3
1ugp,2.89
1uho,9.22
1uml,7.52
1usn,7.74
1ux7,3.0
1uze,8.9
1v1m,3.94
1v79,7.89
1v7a,8.01
1w22,6.76
1w31,3.6
1wc1,4.0
1we2,4.36
1wkm,0.82
1wn6,4.68
1ws1,9.55
1wu1,7.74
1wuq,8.27
1wur,6.66
1wva,6.57
1wxz,8.07
1x07,3.28
1x8b,7.01
1x9d,3.96
1xge,4.68
1xlx,7.6
1xlz,6.02
1xm6,6.38
1xmu,9.08
1xn0,6.24
1xnz,6.62
1xom,7.96
1xon,10.68
1xor,6.41
1xq0,6.34
1xud,8.1
1xz8,4.52
1y2b,4.09
1y8o,5.89
1y8p,6.08
1yci,4.08
1ycm,8.0
1ydb,8.24
1ydd,7.07
1yei,7.46
1yej,7.46
1yfz,4.35
1ykp,2.96
1ylv,2.7
1yq7,7.09
1yw7,5.85
1yyr,6.29
1z3j,8.0
1z4o,4.52
1zdp,5.74
1zkl,5.09
1zp5,2.92
1zs0,6.15
1ztq,8.89
1zxv,6.1
1zz3,6.54
2a3x,6.92
2a8h,7.17
2ad5,3.96
2ada,13.0
2aeb,8.3
2ael,6.29
2afw,4.77
2afx,5.15
2ai7,6.4
2ai8,6.8
2aia,5.41
2aie,5.66
2aw1,7.37
2b1r,1.0
2bb7,5.67
2bcd,10.22
2boj,5.77
2br6,2.96
2bv4,3.22
2bw7,5.7
2c6c,7.52
2c6g,3.37
2c6n,6.88
2cn8,5.46
2ctc,3.89
2doo,7.17
2e1w,7.96
2e94,8.0
2ea2,7.8
2ea4,7.34
2ei6,7.39
2evc,6.54
2evm,6.16
2evo,7.17
2ew6,4.97
2f14,9.19
2f7o,7.44
2f94,6.71
2ff1,8.21
2fkf,2.92
2fm0,9.4
2fm5,7.37
2fqo,6.43
2fsa,5.3
2fv9,7.22
2fyv,3.52
2g1q,7.36
2g6p,6.22
2gg2,6.6
2gg3,6.24
2gg5,6.6
2gg7,5.76
2ggb,4.92
2gh6,4.95
2gm1,7.0
2gvv,3.9
2gzl,4.82
2h42,8.62
2h44,5.77
2haw,4.92
2hf8,5.47
2hl4,7.64
2hnc,7.22
2i19,7.8
2i47,8.66
2ie4,10.0
2imb,4.22
2ioa,5.49
2isw,7.43
2j83,4.21
2j9a,5.89
2jbk,6.4
2jdm,5.4
2jdn,5.56
2jdp,6.6
2jdu,6.72
2jdy,4.37
2jkp,4.23
2jnp,6.89
2jsd,7.77
2jt6,7.6
2k2g,8.12
2ke1,5.3
2l75,6.05
2m3z,6.57
2mpa,8.04
2nn1,5.82
2nn7,6.52
2nng,5.36
2nno,6.4
2o1v,5.3
2o4z,6.25
2o8h,7.6
2oc2,8.52
2oi0,7.55
2oq6,3.6
2ork,2.85
2ou7,3.81
2ovv,7.92
2ovx,8.7
2ovy,8.4
2ovz,7.89
2ow0,6.7
2ow1,9.0
2ow9,7.52
2p1c,7.68
2p53,7.46
2p98,6.19
2p99,5.94
2p9a,5.18
2pcu,3.04
2piz,6.77
2pj3,8.18
2pj5,7.82
2pj6,7.31
2pj7,7.77
2pj8,7.74
2pj9,7.92
2pjb,7.72
2pjc,8.72
2pjt,6.07
2pll,8.3
2pnx,5.1
2pou,7.42
2pow,7.2
2pvw,9.52
2pze,6.08
2q1q,8.15
2q2y,8.8
2q38,5.23
2q80,4.6
2q93,6.25
2q94,6.43
2q96,5.92
2qdt,5.19
2qo8,8.47
2qp6,6.68
2qyk,5.48
2qyn,6.24
2r2l,9.0
2r59,8.19
2r8q,3.24
2ria,2.57
2rib,2.82
2rk8,3.64
2rka,3.0
2rkd,2.72
2rke,4.08
2tmn,5.89
2usn,6.51
2v5x,6.66
2v7a,8.3
2vc7,3.36
2vcg,5.77
2ves,7.7
2vf6,8.52
2vfz,3.61
2vh0,8.51
2vhq,3.85
2vl8,4.52
2vnf,5.52
2vqj,6.44
2vx1,6.66
2vzr,4.28
2w0s,3.3
2w0x,3.2
2w12,4.65
2w26,9.4
2w2i,6.04
2w47,4.98
2wa3,3.0
2wd3,7.07
2weg,6.5
2weh,5.95
2wej,6.08
2weo,6.93
2wf5,6.0
2wji,5.02
2wo8,6.28
2wo9,7.21
2woq,2.88
2wqp,5.51
2wva,10.7
2wyf,4.43
2wzs,3.85
2x2r,7.12
2x7t,6.63
2x8z,7.96
2x97,5.66
2xef,9.84
2xeg,10.7
2xei,10.62
2xi7,5.14
2xtn,7.4
2xto,6.2
2xvd,8.7
2xzw,5.29
2y0j,7.92
2y1d,6.82
2y4k,5.46
2y4l,6.3
2y4m,6.46
2y6d,7.1
2y81,8.7
2y82,8.4
2yay,6.1
2yb9,9.22
2ybk,4.62
2yc0,2.82
2ycf,10.52
2yde,3.72
2yhw,5.6
2yig,7.1
2z4w,6.01
2z52,5.57
2z94,5.85
2za0,6.64
2zcq,8.82
2zcr,6.87
2zis,8.55
2zkj,5.48
2zof,8.15
2zq0,6.82
2zsc,7.06
2zvj,5.74
3a1e,2.66
3a9i,4.15
3aav,6.62
3ahn,7.05
3aig,6.0
3alt,2.92
3axm,5.07
3b3c,3.98
3b3s,2.55
3b3w,4.19
3b4f,8.14
3b7r,7.7
3b7u,7.74
3b8z,6.54
3b9g,4.72
3bet,5.82
3bhx,9.15
3bi0,7.85
3bi1,9.92
3bjc,6.96
3bpc,4.8
3c0z,3.95
3c14,3.52
3c52,7.3
3c56,7.89
3c6w,5.62
3c7p,10.0
3c94,6.87
3caj,8.1
3chp,5.27
3chq,7.7
3cph,6.48
3cyu,7.22
3czv,7.8
3d27,4.25
3d2r,5.48
3d3p,8.5
3d3x,4.16
3d4y,5.7
3d4z,4.89
3d51,4.15
3d52,3.28
3d7d,7.85
3d7f,9.3
3d7g,7.77
3d8w,8.15
3daz,7.93
3dbu,8.06
3dc3,8.31
3dcc,8.96
3dcs,7.94
3dcw,9.0
3dd0,9.0
3dd8,7.85
3dda,3.88
3ddb,4.02
3ddf,4.66
3ddg,6.0
3dgl,6.6
3dgo,6.74
3dst,9.08
3dwb,6.19
3dx2,6.82
3dyo,2.3
3e12,5.99
3e3u,7.89
3e7b,9.8
3e8n,7.72
3e8r,9.74
3e9i,6.22
3ebi,7.1
3ecn,3.16
3egt,8.9
3ejq,8.57
3ejr,8.57
3ejs,6.6
3ejt,7.36
3elc,2.69
3esj,3.03
3eu5,7.49
3ewj,6.84
3exe,6.96
3exh,4.88
3f0r,6.89
3f15,8.1
3f16,8.23
3f17,8.63
3f18,7.4
3f19,7.19
3f1a,7.21
3f2a,7.24
3f7b,7.19
3f7u,6.61
3f80,4.22
3fcq,2.77
3fee,6.64
3feg,4.35
3ffp,7.14
3ffu,6.44
3fh5,7.06
3fh7,7.6
3fh8,6.74
3fhe,8.6
3fmq,7.95
3frg,8.4
3ftq,5.33
3ftu,3.61
3ftv,2.93
3fu0,2.28
3fu5,4.12
3fui,6.8
3fuk,3.02
3ful,3.7
3fum,3.77
3fun,6.72
3fx6,6.8
3g3r,6.48
3g42,6.85
3g4f,4.52
3g4g,9.04
3g4l,8.24
3g58,9.28
3g5k,9.52
3g7l,6.72
3gwt,11.1
3hc8,8.54
3hdz,7.29
3hf6,7.59
3hf8,6.51
3hii,6.54
3hmv,7.3
3hqw,7.46
3hqy,7.94
3hs4,8.0
3hvi,8.3
3hvj,8.7
3hvk,8.52
3hww,7.12
3hwx,7.86
3hxd,5.05
3hxe,5.33
3hxf,4.96
3hy7,6.97
3hyg,7.03
3hzm,5.52
3hzy,7.0
3i3d,1.99
3i4y,7.05
3i51,7.7
3i7g,6.37
3i7i,6.21
3iad,9.0
3iaf,2.92
3ibi,8.59
3ibn,7.61
3igp,7.02
3iit,8.02
3ikc,7.46
3iog,5.52
3itc,1.6
3iu8,6.24
3iww,7.96
3jsi,8.68
3jwr,8.07
3k3h,7.06
3k5x,6.41
3kec,7.24
3ken,5.4
3kgq,2.3
3kmc,6.4
3kme,6.14
3kqr,4.43
3kr4,7.6
3kr5,7.89
3kry,10.0
3kv2,7.32
3l0v,7.64
3l3n,8.18
3ldw,7.97
3lik,8.72
3lir,6.92
3liw,7.6
3ljg,7.73
3ljt,6.89
3ljz,8.14
3lk8,7.71
3lka,2.82
3llm,4.74
3lp1,6.92
3lp4,4.88
3lp7,5.44
3lpl,5.62
3lpu,5.86
3lq4,5.22
3luo,6.95
3lxg,8.14
3ly2,8.3
3m1k,5.39
3m3x,6.82
3m5e,7.37
3m6p,8.35
3m6q,7.32
3m6r,7.49
3m96,7.22
3mdz,9.1
3mfw,3.52
3mhc,7.96
3mhl,7.25
3mho,6.49
3mjl,2.44
3mkn,4.12
3ml2,8.05
3ml5,8.52
3mle,5.24
3mmf,7.43
3mmr,4.96
3mn8,6.17
3mof,3.07
3moh,2.84
3mtw,7.04
3muz,3.46
3myq,7.52
3mz6,7.2
3n0n,7.3
3n2c,5.12
3n2p,7.82
3n2v,7.51
3n35,3.37
3n3j,8.48
3n9r,7.15
3n9s,5.26
3nb5,7.74
3nf3,6.2
3njy,5.77
3nwb,7.96
3nx7,8.1
3nxq,8.15
3nzk,9.27
3o0j,7.19
3o3j,6.4
3o56,9.1
3o64,9.4
3o7u,7.28
3oe5,6.88
3oku,6.36
3os3,6.63
3ouh,7.1
3oui,4.9
3oyn,7.6
3oyq,7.99
3oys,8.05
3ozg,9.19
3ozs,5.33
3ozt,4.13
3p3g,9.74
3p4v,5.1
3p58,7.6
3p5l,7.39
3pb7,5.74
3pbb,7.02
3pcb,2.4
3pce,2.0
3pcj,7.22
3pck,6.7
3pcn,3.66
3pdq,6.74
3pfp,6.44
3pka,6.27
3pkc,6.02
3pz1,6.14
3q2a,5.3
3q2g,8.46
3q2h,9.16
3q3k,8.13
3q43,7.37
3q44,6.31
3q72,5.8
3q7p,5.8
3q8h,4.15
3qc9,6.06
3qi3,3.78
3qin,6.87
3qip,6.89
3qiz,5.21
3qlm,6.37
3qw6,3.52
3qw7,5.74
3qw8,5.1
3qxc,5.77
3qxh,5.24
3r0i,6.92
3r17,6.41
3r21,6.74
3rbm,6.57
3rde,7.46
3rl3,7.17
3rl4,5.42
3rup,1.57
3rv3,2.0
3rx7,6.03
3ryv,7.07
3ryw,6.24
3ryx,8.14
3ryy,7.42
3ryz,8.62
3rz0,7.55
3rz1,8.74
3rz7,8.96
3s3n,7.06
3s3o,7.57
3s45,8.49
3s68,8.66
3s71,8.64
3s72,6.4
3s73,8.7
3s78,6.47
3s8x,7.3
3s9i,5.7
3s9t,6.82
3sad,5.96
3sax,6.57
3saz,6.1
3sb0,5.26
3sbh,7.28
3sbi,7.92
3sff,6.7
3sfh,7.05
3shb,6.03
3shz,7.44
3sjf,7.64
3sjt,6.06
3sl0,2.7
3sl1,3.59
3sl5,7.66
3sn7,9.15
3snl,9.15
3srg,5.7
3str,8.4
3svj,6.93
3sw8,4.5
3t01,4.48
3t08,3.04
3t0b,4.3
3t0d,2.37
3t2c,4.6
3t2p,3.6
3t3y,5.47
3t4h,5.28
3t4v,6.3
3t6r,5.66
3t84,6.97
3t85,7.95
3t8v,6.59
3tfp,6.47
3ts4,8.72
3u6w,6.92
3u7k,7.07
3u7m,7.45
3u8d,6.33
3u8h,6.49
3uhm,8.44
3upy,5.62
3uuo,7.96
3uxk,4.93
3v01,7.6
3v04,7.89
3v0p,6.28
3v1r,7.68
3v5g,7.13
3vbd,8.07
3vd4,4.82
3vd7,4.48
3vd9,4.0
3vdb,2.52
3vdc,4.92
3vh9,6.24
3vhc,8.89
3vi5,5.68
3vva,9.32
3w54,9.7
3way,7.66
3wc7,8.26
3wd9,8.08
3wf8,6.63
3wig,8.64
3wqm,6.25
3ws8,6.68
3ws9,7.04
3wv1,11.41
3wyk,7.64
3wyl,8.85
3wym,9.52
3zdv,5.48
3zhx,6.68
3znr,7.44
3zns,7.41
3zuk,7.46
3zxh,8.52
3zxr,7.7
3zy2,6.46
3zyf,4.85
456c,9.77
4a50,7.91
4a6s,5.2
4a6w,5.72
4aa1,4.12
4aa2,3.97
4acf,5.8
4ael,7.92
4an3,9.22
4anb,8.18
4aph,5.4
4ark,7.2
4ask,7.22
4avh,7.23
4aw8,7.66
4awf,5.57
4awg,5.96
4awk,6.89
4awm,5.72
4ayq,7.33
4ayr,7.0
4ayt,3.7
4ayu,4.73
4az3,8.3
4azc,5.86
4b5s,3.49
4b5w,3.33
4bb4,6.72
4bg1,6.31
4bgm,6.21
4bis,5.85
4bqw,7.48
4bqx,6.52
4bt3,3.12
4bt4,3.34
4bt5,2.76
4bxk,7.95
4c0r,4.91
4c16,4.96
4c1c,4.97
4c1d,5.36
4c1f,4.63
4c1g,5.14
4c1h,4.09
4c4n,6.1
4c8r,6.82
4ca7,7.36
4ca8,6.68
4cby,7.7
4cq0,5.09
4cqf,4.3
4crj,5.96
4cwb,6.09
4cxx,5.68
4d08,8.0
4d09,8.77
4d8s,6.49
4del,7.68
4dem,7.55
4dhl,4.48
4dsy,4.43
4dt2,4.37
4dwg,7.24
4dxj,7.42
4e1m,7.26
4e1n,7.17
4e3d,2.3
4e3f,2.52
4e3g,4.97
4e3h,7.05
4e4a,2.05
4e5g,4.67
4e5h,6.37
4e5j,4.73
4e90,8.1
4efs,8.6
4eg7,7.34
4ehm,5.85
4en4,5.52
4eo4,6.35
4f6v,5.8
4fbe,6.99
4fcb,8.54
4fci,1.26
4fck,1.26
4fkk,9.3
4fli,5.44
4flj,5.13
4flk,5.25
4fll,5.29
4g2j,7.96
4g2l,7.49
4g2w,8.8
4gbd,11.32
4gh6,7.68
4gng,3.54
4gql,9.59
4gr0,9.55
4gr3,7.81
4gr8,7.83
4gtm,8.04
4gto,7.98
4gtt,8.22
4heu,10.01
4hn2,6.89
4hnc,3.17
4ht0,8.0
4htx,8.33
4hu1,7.54
4hwo,8.54
4hwp,7.76
4hwr,6.74
4i3z,4.29
4i72,9.05
4i73,6.72
4i74,6.72
4ido,4.93
4idz,4.36
4ie0,5.08
4ie5,4.82
4ie7,5.05
4ih3,4.82
4ijq,7.52
4iks,5.14
4ikt,6.17
4iku,5.75
4in9,4.97
4ipi,5.32
4ipj,4.87
4itp,7.27
4iwz,7.29
4j3d,8.28
4je7,6.4
4je8,5.21
4jib,7.35
4jpa,8.48
4jss,3.3
4jzr,7.8
4k3n,7.96
4k3r,3.59
4k5l,4.96
4k5n,3.9
4k5o,3.98
4k5p,3.46
4k6w,5.35
4k8o,3.77
4kax,4.77
4kc2,3.31
4keq,3.82
4kil,6.3
4kln,7.7
4kni,7.78
4knm,8.0
4ko8,7.15
4kp6,9.09
4ks1,8.82
4kx8,7.13
4kyh,5.92
4l2l,5.7
4lch,10.62
4lh5,6.7
4lhv,10.0
4ljh,4.71
4lk6,5.2
4lk7,5.04
4lkd,5.35
4lke,5.37
4lkf,5.37
4llj,3.42
4llx,2.89
4lm0,3.25
4lm1,3.23
4lm2,3.03
4lm3,2.92
4lm4,3.04
4lmn,10.3
4lng,5.62
4lp6,8.27
4lpf,3.51
4lqy,3.89
4ly1,7.26
4m2v,7.44
4m2w,7.28
4m5g,5.01
4m5l,4.72
4m5m,4.74
4m5n,5.12
4m5u,7.96
4m6u,2.74
4md6,7.77
4mh7,5.23
4mhy,6.47
4mk2,6.14
4mlt,2.85
4mlx,3.19
4mn3,5.75
4mrw,3.3
4msa,3.3
4muw,8.01
4mwx,7.12
4myq,7.49
4n1z,9.14
4nal,5.66
4nan,4.72
4ngm,10.35
4ngn,7.55
4ngp,7.96
4ngr,7.55
4nhx,5.72
4npv,7.46
4nq6,4.28
4nro,5.02
4nrp,4.59
4nzm,6.85
4nzn,6.38
4nzo,6.77
4o0j,4.89
4o43,4.3
4o4k,3.7
4o55,5.3
4o5b,8.3
4oc0,6.5
4oc1,6.6
4oc3,8.28
4oc4,6.98
4oc5,7.07
4oct,5.05
4oeu,7.66
4oex,5.84
4oi6,5.0
4okg,9.32
4omc,10.78
4omd,9.01
4ou3,4.41
4own,4.22
4p0v,5.92
4p45,7.8
4p4b,7.85
4p4d,5.74
4p4e,6.74
4pf5,5.48
4pkr,4.82
4pks,4.82
4pkt,4.83
4pkv,5.25
4pnc,5.43
4pv5,6.54
4pvx,6.76
4pvy,6.71
4pyy,7.23
4q07,8.14
4q08,6.3
4q09,8.17
4q0l,7.7
4q3q,5.89
4q3t,6.48
4q4i,7.33
4q6d,7.36
4q6f,5.6
4q7s,4.42
4q81,3.02
4q83,4.19
4q87,4.85
4q8y,2.64
4q99,6.28
4q9y,5.68
4qiy,7.3
4qiz,8.15
4qj0,7.32
4qjm,8.17
4qjo,7.4
4qjp,8.6
4qjw,7.8
4qkd,4.09
4qme,6.52
4qmu,5.89
4qtl,6.92
4quo,7.92
4r17,7.68
4r18,7.68
4r59,7.96
4r5v,6.15
4r6t,7.52
4r76,7.85
4r7m,7.96
4ran,7.15
4rao,6.0
4raq,6.72
4rd0,6.62
4rd3,6.47
4rd6,6.28
4re9,4.92
4rhx,5.8
4riu,7.3
4rn0,6.59
4rn4,6.94
4rsc,6.63
4rux,7.92
4ruy,7.89
4ruz,7.64
4rxd,6.52
4tmn,10.17
4to8,1.24
4tq3,5.49
4ttv,6.68
4tyt,7.7
4u0s,6.8
4u0u,5.82
4u1b,5.31
4u69,4.26
4u6c,5.0
4u6w,4.21
4u71,5.22
4u73,5.18
4uat,5.89
4uau,5.89
4uia,6.72
4uib,9.0
4uix,7.3
4um9,8.07
4umb,4.0
4umc,3.44
4ura,5.5
4usi,4.41
4uxj,5.42
4w9s,6.82
4wcu,8.52
4wf6,6.3
4wk2,6.94
4wke,8.1
4wki,8.3
4wmy,7.07
4wr7,11.7
4ww8,10.17
4wz6,5.6
4x3t,4.54
4xct,8.17
4xdo,4.08
4xm6,4.05
4xm7,3.57
4xm8,3.02
4xtm,4.57
4xtp,4.26
4xy2,8.1
4y5s,3.73
4y63,3.58
4y6s,5.03
4y79,7.96
4yb7,3.8
4yes,8.02
4yih,4.66
4yik,6.89
4yqh,8.05
4yvz,5.52
4yw6,7.08
4yx4,5.97
4yxi,6.5
4yyl,5.01
4yzm,5.27
4z0q,8.17
4z1e,8.24
4z2b,7.76
4za0,7.21
4zg9,7.59
4zo5,9.82
4zum,6.57
4zun,4.59
4zup,6.77
4zuq,6.89
4zur,7.17
4zw3,7.57
4zw5,4.43
4zw7,4.72
4zw8,5.96
4zwx,8.7
4zwz,8.7
4zx0,8.0
4zx1,6.14
4zx3,7.19
4zx4,7.11
4zx6,5.27
4zx8,7.1
4zy0,8.04
4zy1,8.14
4zyq,8.01
5a1f,4.61
5a2s,7.7
5a3n,7.72
5a3o,4.73
5a3t,8.4
5a5v,7.48
5a6h,7.06
5a6x,6.69
5ab0,7.59
5ael,7.41
5amd,8.55
5amg,8.22
5aml,9.15
5ap1,7.97
5apr,7.77
5awt,4.52
5awu,4.65
5b25,10.24
5b4k,9.34
5b4l,9.12
5b5o,5.72
5b5p,9.7
5boy,5.6
5bpa,9.0
5bpp,4.8
5brn,6.3
5bsk,6.22
5c28,5.66
5c29,6.06
5c2a,8.32
5c2e,8.7
5c2h,11.09
5cgv,6.47
5cjf,9.59
5czm,8.32
5d1s,5.02
5d1t,5.77
5d1u,5.96
5d29,7.01
5d2a,5.59
5d2r,5.82
5d3c,10.4
5d6f,4.37
5d7c,6.85
5dah,5.3
5dh4,7.24
5doh,7.49
5drc,5.98
5dro,10.59
5drq,10.92
5drr,11.46
5drs,8.96
5e28,7.91
5e2k,8.03
5e2m,7.23
5e2n,9.54
5e2s,9.01
5e3a,5.44
5edi,9.52
5edu,8.66
5eef,8.32
5eei,9.22
5eek,9.1
5een,8.96
5ef7,9.0
5efj,6.46
5eh5,5.87
5eh8,3.1
5ehe,8.32
5ehv,3.08
5ehw,3.0
5ekh,5.95
5ekj,6.0
5el9,7.64
5ely,7.36
5etk,5.82
5etm,5.41
5etn,5.37
5etp,6.15
5etr,6.52
5evb,5.0
5evd,5.0
5evk,4.92
5ew0,6.59
5ewa,4.82
5f1c,6.13
5f32,4.94
5f37,5.77
5f39,5.1
5f3c,6.05
5f3e,6.86
5f3g,6.9
5f3i,7.1
5f5i,6.02
5fb1,5.92
5fdc,7.46
5fdi,7.73
5fl4,7.0
5fl5,8.19
5flo,3.15
5flp,3.2
5flq,2.97
5fls,3.04
5flt,2.89
5fng,2.96
5fni,3.48
5fqb,6.52
5fqc,8.52
5fun,7.59
5g10,8.01
5g11,7.21
5g17,6.7
5g1a,6.57
5g1c,6.85
5g3n,7.92
5g3w,7.38
5gj9,4.99
5gja,5.55
5gmn,4.73
5h8x,5.51
5hi7,7.85
5hja,5.96
5hjd,5.24
5hv0,5.96
5i13,5.08
5i38,3.42
5i3a,5.05
5i43,7.2
5i4o,7.28
5inh,6.0
5irr,5.27
5ivc,5.92
5ive,7.57
5ivv,6.35
5ivy,6.44
5izl,5.73
5j6d,8.22
5jc1,6.82
5jf1,7.19
5jf8,5.85
5ji6,7.96
5jjs,7.32
5jmp,7.17
5jmw,6.76
5jmx,5.09
5jna,7.35
5jnc,5.48
5jnl,6.57
5jo0,7.3
5joh,5.96
5jr6,4.69
5jss,6.45
5jt9,6.63
5jxn,6.41
5k1v,5.7
5k32,8.8
5kam,4.11
5kap,4.23
5kgn,9.03
5kgx,4.8
5knr,5.85
5kns,6.12
5knu,5.55
5knv,4.87
5knx,6.1
5kxc,5.26
5l01,7.48
5l44,4.4
5l8c,7.0
5l8y,6.4
5laq,9.2
5lca,4.48
5ljt,8.92
5ll5,6.04
5lla,7.72
5llc,9.52
5lle,10.22
5llg,11.13
5llo,9.4
5llp,9.24
5lrj,8.72
5lsc,4.7
5lss,6.31
5lsy,6.54
5ltn,5.27
5lvd,2.62
5lwd,6.24
5lyw,6.15
5lyx,7.42
5m0d,6.09
5m5q,7.05
5m7m,6.45
5m9w,2.24
5may,6.48
5mfr,4.3
5mi3,6.84
5mih,4.19
5mim,7.34
5mjn,8.54
5mm9,6.42
5mtv,4.11
5mwa,6.82
5mxq,5.72
5myd,4.86
5n0e,8.44
5n1r,7.95
5n24,8.92
5n2t,5.08
5n3v,4.34
5n3y,5.03
5n4s,7.26
5n58,6.1
5nai,6.1
5ndf,5.85
5ne5,7.41
5nea,10.3
5nhz,5.33
5nxi,6.66
5nxv,8.46
5ny1,6.44
5nya,6.38
5o7n,6.52
5oae,4.6
5oah,8.31
5od1,5.96
5of0,8.63
5ogl,4.31
5ohi,8.47
5ohj,10.42
5op8,4.18
5opc,4.54
5ow8,5.16
5sz0,9.1
5sz1,8.92
5sz4,9.7
5sz5,7.7
5sz6,7.0
5sz7,9.7
5t52,9.28
5t54,9.06
5tcy,7.66
5tdw,4.7
5tfx,7.22
5th4,2.85
5thn,4.02
5ti0,4.21
5tkb,7.89
5tln,6.37
5tmn,8.04
5tt3,6.71
5tt8,6.5
5tuo,6.49
5txy,5.46
5ty1,5.21
5ty9,5.21
5tya,4.48
5tzz,7.85
5u00,8.7
5u0e,5.11
5u0g,4.58
5u3b,8.82
5u51,4.92
5u7d,9.3
5u7j,6.41
5u7k,8.15
5u94,7.19
5ubg,5.17
5ue4,6.36
5uoy,7.57
5up0,6.34
5uv2,4.4
5uv5,7.7
5uwl,8.03
5v9p,6.14
5vgi,6.98
5vgy,4.18
5vp0,9.21
5w3i,5.8
5w6e,8.04
5w73,6.3
5w7u,8.05
5w8v,8.22
5wa6,6.36
5wa7,6.4
5wb3,7.22
5wcm,4.0
5wdw,6.54
5we9,7.22
5web,8.0
5wex,7.18
5wfw,6.1
5wg9,5.59
5wlv,8.52
5wqa,7.96
5wxg,3.86
5wzr,7.29
5xp7,5.42
5y6d,7.26
5ybi,3.49
5ygi,7.05
5zdp,7.18
5znl,8.77
5zo7,9.0
6a3n,8.06
6aan,3.75
6acb,9.41
6aec,6.15
6aeh,5.75
6ak4,5.46
6ak5,6.12
6alz,10.42
6aps,6.66
6apu,4.87
6apv,6.96
6ar9,5.18
6as6,4.82
6b0v,3.49
6b0y,4.19
6b59,8.09
6b5a,7.94
6b67,5.05
6b96,7.84
6ba7,8.15
6bbs,9.89
6bc9,9.43
6bgw,6.68
6bgx,6.33
6bgy,6.82
6bh0,6.66
6bh1,7.22
6bh3,4.92
6bkx,6.39
6bs3,5.82
6bs4,5.55
6bsl,9.0
6bsm,6.8
6bto,5.0
6bu1,7.22
6c2x,4.76
6c3u,5.4
6c7b,5.82
6c7d,9.77
6c7g,7.74
6c7i,9.42
6c7j,8.88
6c7x,7.19
6cgp,7.12
6cjj,3.9
6cjv,5.66
6csp,8.52
6csr,6.84
6css,7.6
6cvf,6.35
6cvv,4.12
6cyc,7.85
6cyd,8.7
6czc,4.78
6czd,3.85
6d1b,3.91
6d1h,3.72
6d1i,4.09
6d1j,4.25
6d1k,3.13
6d2o,5.3
6d9s,5.96
6dcy,5.46
6dcz,7.17
6dd0,5.48
6dd1,4.65
6dnp,5.18
6dq4,4.92
6dq5,5.19
6dqa,6.44
6dvl,7.96
6dvo,7.22
6dyn,3.19
6dzq,7.37
6e05,4.26
6e06,4.26
6e0q,8.1
6e3p,8.7
6e4c,9.92
6e6v,7.77
6e8x,6.22
6e92,7.46
6ea1,6.59
6ea2,6.55
6eaa,6.09
6eab,6.37
6eb1,5.33
6eb2,6.32
6ebe,6.7
6ee2,6.71
6ee3,6.86
6ee4,6.69
6ee6,6.67
6eea,6.2
6eee,7.54
6eeh,6.54
6eeo,6.43
6egs,3.59
6eks,3.84
6en6,7.94
6enm,8.32
6eox,6.85
6epy,6.46
6eqv,6.62
6eqw,10.65
6eqx,10.47
6esm,5.53
6etg,4.66
6ets,5.64
6ety,8.05
6evr,8.06
6ewe,5.51
6eyt,5.72
6ez9,7.77
6f2n,6.7
6f3b,6.56
6f6u,4.8
6f8b,5.21
6f8w,4.64
6f8x,4.77
6f90,6.0
6f92,6.4
6f9t,7.86
6f9u,5.13
6f9v,6.76
6fa5,6.75
6faa,6.75
6faf,6.51
6fdc,5.64
6fe0,6.48
6fe5,9.3
6fhu,2.64
6ftw,6.49
6fu1,5.36
6fv4,2.92
6fyz,7.41
6fzx,8.15
6g22,7.56
6g2m,7.82
6g2n,7.14
6g3o,9.24
6g3v,6.04
6g46,3.73
6g5j,6.7
6g6t,7.7
6g7a,6.78
6gbx,7.7
6gdy,5.46
6ghv,4.28
6giu,6.66
6gjw,4.96
6got,9.4
6gx3,3.6
6gxa,4.22
6gxq,7.1
6gy1,6.3
6gzy,3.4
6h1h,6.17
6h1i,7.36
6h2z,9.3
6h36,9.35
6h38,8.11
6h4o,6.89
6h4p,6.99
6h4s,7.42
6h4u,6.16
6h4v,6.21
6h4x,6.88
6h4z,7.64
6h50,6.81
6h52,7.17
6h5w,10.8
6hgz,5.97
6hh3,6.24
6hkj,9.0
6hkz,9.89
6hld,9.21
6hle,9.31
6hqy,6.44
6hrq,7.09
6hsh,7.55
6ht8,6.72
6htg,7.17
6htt,6.66
6htz,6.74
6hu0,6.91
6hu1,6.72
6hu2,5.9
6hv2,4.28
6hys,5.59
6hza,9.3
6hzc,8.93
6i0r,4.35
6iiw,5.66
6ijh,7.17
6im6,4.68
6imd,4.23
6imi,4.58
6imo,6.19
6imr,5.37
6imt,6.6
6ink,6.57
6iot,5.24
6ipi,5.71
6ipk,5.17
6ipl,3.82
6ipm,3.69
6j63,8.19
6j72,6.13
6j7e,5.04
6jdl,4.89
6jki,6.39
6jon,4.88
6k4t,6.02
6k9u,10.05
6kdx,6.53
6ke0,7.55
6klk,3.88
6mbo,5.95
6mlw,3.74
6mmo,3.35
6mnv,3.37
6mo5,9.52
6mod,9.15
6moo,9.17
6msa,7.08
6mxb,4.59
6mxc,5.56
6n0k,5.07
6n5c,6.43
6nel,7.96
6nji,6.99
6npf,5.85
6of5,5.35
6om2,7.75
6ouv,5.55
6ovz,3.85
6ow2,8.52
6ow7,9.0
6p1d,7.41
6p1l,8.7
6pgp,7.0
6phr,6.7
6phz,3.46
6pi1,3.8
6pia,4.96
6qef,7.22
6ql1,6.48
6r0k,7.92
6r4s,6.39
6rfw,6.5
6sge,7.51
6tld,5.35
6ufo,4.46
6ugn,6.12
6ugo,7.59
6ugp,6.16
6ugq,7.55
6uhv,6.92
6uim,6.74
8cpa,9.15
